[
  {
    "id": "4792b296-078a-463a-9d13-c9ea3d03a5dc",
    "data": [
      {
        "text": "4",
        "meta": "@Categoria",
        "alias": "categoria",
        "userDefined": false
      }
    ],
    "isTemplate": false,
    "count": 0,
    "lang": "pt-br",
    "updated": 0
  },
  {
    "id": "f2413c5e-18f0-4cb3-b98f-edb5b7d47c26",
    "data": [
      {
        "text": "3",
        "meta": "@Categoria",
        "alias": "categoria",
        "userDefined": false
      }
    ],
    "isTemplate": false,
    "count": 0,
    "lang": "pt-br",
    "updated": 0
  },
  {
    "id": "d14d2b18-fe57-4bff-a58d-464f703f34cf",
    "data": [
      {
        "text": "2",
        "meta": "@Categoria",
        "alias": "categoria",
        "userDefined": false
      }
    ],
    "isTemplate": false,
    "count": 0,
    "lang": "pt-br",
    "updated": 0
  },
  {
    "id": "d3e5b9c3-52ff-47df-9417-2f2b56dfa70e",
    "data": [
      {
        "text": "1",
        "meta": "@Categoria",
        "alias": "categoria",
        "userDefined": false
      }
    ],
    "isTemplate": false,
    "count": 0,
    "lang": "pt-br",
    "updated": 0
  },
  {
    "id": "d08a931e-db3f-4126-8fbc-09f14f60388d",
    "data": [
      {
        "text": "meu ",
        "userDefined": false
      },
      {
        "text": "mouse",
        "meta": "@Categoria",
        "alias": "categoria",
        "userDefined": true
      },
      {
        "text": " não responde",
        "userDefined": false
      }
    ],
    "isTemplate": false,
    "count": 0,
    "lang": "pt-br",
    "updated": 0
  },
  {
    "id": "48874e42-7596-443c-997a-d3e92028bac2",
    "data": [
      {
        "text": "meu ",
        "userDefined": false
      },
      {
        "text": "teclado",
        "meta": "@Categoria",
        "alias": "categoria",
        "userDefined": true
      },
      {
        "text": " não funciona",
        "userDefined": false
      }
    ],
    "isTemplate": false,
    "count": 0,
    "lang": "pt-br",
    "updated": 0
  },
  {
    "id": "d3c33005-3db6-4f72-bd14-6a37e600383b",
    "data": [
      {
        "text": "não consigo enviar ",
        "userDefined": false
      },
      {
        "text": "email",
        "meta": "@Categoria",
        "alias": "categoria",
        "userDefined": true
      }
    ],
    "isTemplate": false,
    "count": 0,
    "lang": "pt-br",
    "updated": 0
  },
  {
    "id": "cda1ba85-69fb-4734-bea9-a1417a4513b8",
    "data": [
      {
        "text": "não consigo ",
        "userDefined": false
      },
      {
        "text": "imprimir",
        "meta": "@Categoria",
        "alias": "categoria",
        "userDefined": true
      }
    ],
    "isTemplate": false,
    "count": 0,
    "lang": "pt-br",
    "updated": 0
  },
  {
    "id": "df48df53-643a-4aed-b203-4e9a85697a3e",
    "data": [
      {
        "text": "não consigo logar no ",
        "userDefined": false
      },
      {
        "text": "sistema",
        "meta": "@Categoria",
        "alias": "categoria",
        "userDefined": true
      }
    ],
    "isTemplate": false,
    "count": 0,
    "lang": "pt-br",
    "updated": 0
  },
  {
    "id": "c1c47ecf-289f-423d-87ec-ae82dbdcf77d",
    "data": [
      {
        "text": "minha ",
        "userDefined": false
      },
      {
        "text": "impressora",
        "meta": "@Categoria",
        "alias": "categoria",
        "userDefined": true
      },
      {
        "text": " parou",
        "userDefined": false
      }
    ],
    "isTemplate": false,
    "count": 0,
    "lang": "pt-br",
    "updated": 0
  },
  {
    "id": "c9b663fc-e025-43d9-a63c-b7c61e54c036",
    "data": [
      {
        "text": "meu ",
        "userDefined": false
      },
      {
        "text": "email",
        "meta": "@Categoria",
        "alias": "categoria",
        "userDefined": true
      },
      {
        "text": " não funciona",
        "userDefined": false
      }
    ],
    "isTemplate": false,
    "count": 0,
    "lang": "pt-br",
    "updated": 0
  }
]