[
  {
    "id": "0ecf6ffd-d1a3-4c51-a0ac-d558648e86a8",
    "data": [
      {
        "text": "alta",
        "meta": "@Prioridade",
        "alias": "prioridade",
        "userDefined": false
      }
    ],
    "isTemplate": false,
    "count": 0,
    "lang": "pt-br",
    "updated": 0
  },
  {
    "id": "2e279261-b854-4cf8-aea6-ee55b2695a20",
    "data": [
      {
        "text": "urgente",
        "meta": "@Prioridade",
        "alias": "prioridade",
        "userDefined": false
      }
    ],
    "isTemplate": false,
    "count": 0,
    "lang": "pt-br",
    "updated": 0
  },
  {
    "id": "d2961bb8-4e82-403c-baa0-53ddd52639a6",
    "data": [
      {
        "text": "altíssima",
        "meta": "@Prioridade",
        "alias": "prioridade",
        "userDefined": false
      }
    ],
    "isTemplate": false,
    "count": 0,
    "lang": "pt-br",
    "updated": 0
  },
  {
    "id": "2bb0c821-ed92-4a91-924e-39d8ffdeb69f",
    "data": [
      {
        "text": "média",
        "meta": "@Prioridade",
        "alias": "prioridade",
        "userDefined": false
      }
    ],
    "isTemplate": false,
    "count": 1,
    "lang": "pt-br",
    "updated": 0
  },
  {
    "id": "1bf7dbaf-3629-4089-96ba-e2e261d64930",
    "data": [
      {
        "text": "baixa",
        "meta": "@Prioridade",
        "alias": "prioridade",
        "userDefined": false
      }
    ],
    "isTemplate": false,
    "count": 0,
    "lang": "pt-br",
    "updated": 0
  }
]