[
  {
    "id": "24cfc65a-1f88-4fe4-b9da-1d6a0ed66d1d",
    "data": [
      {
        "text": "Matheus",
        "meta": "@sys.person",
        "alias": "usuario",
        "userDefined": false
      },
      {
        "text": ", ",
        "userDefined": false
      },
      {
        "text": "789456",
        "meta": "@sys.number",
        "alias": "matricula",
        "userDefined": false
      }
    ],
    "isTemplate": false,
    "count": 0,
    "lang": "pt-br",
    "updated": 0
  },
  {
    "id": "f4c186ff-5a97-49ff-8762-b7e7e0210ccb",
    "data": [
      {
        "text": "Leandro",
        "meta": "@sys.person",
        "alias": "usuario",
        "userDefined": false
      },
      {
        "text": ", ",
        "userDefined": false
      },
      {
        "text": "111111",
        "meta": "@sys.number",
        "alias": "matricula",
        "userDefined": true
      }
    ],
    "isTemplate": false,
    "count": 0,
    "lang": "pt-br",
    "updated": 0
  },
  {
    "id": "0c676aa2-e10b-40da-86b8-802c26790fff",
    "data": [
      {
        "text": "Flávia",
        "meta": "@sys.person",
        "alias": "usuario",
        "userDefined": false
      },
      {
        "text": ", ",
        "userDefined": false
      },
      {
        "text": "4646466",
        "meta": "@sys.number",
        "alias": "matricula",
        "userDefined": false
      }
    ],
    "isTemplate": false,
    "count": 0,
    "lang": "pt-br",
    "updated": 0
  },
  {
    "id": "a69457cf-1f80-44ba-914c-2027ce91930f",
    "data": [
      {
        "text": "Priscila",
        "meta": "@sys.person",
        "alias": "usuario",
        "userDefined": false
      },
      {
        "text": ", ",
        "userDefined": false
      },
      {
        "text": "999999",
        "meta": "@sys.number",
        "alias": "matricula",
        "userDefined": true
      }
    ],
    "isTemplate": false,
    "count": 0,
    "lang": "pt-br",
    "updated": 0
  },
  {
    "id": "12f3969e-eff3-4679-a8eb-798552416929",
    "data": [
      {
        "text": "Renato",
        "meta": "@sys.person",
        "alias": "usuario",
        "userDefined": true
      },
      {
        "text": ", ",
        "userDefined": false
      },
      {
        "text": "789799",
        "meta": "@sys.number",
        "alias": "matricula",
        "userDefined": true
      }
    ],
    "isTemplate": false,
    "count": 0,
    "lang": "pt-br",
    "updated": 0
  },
  {
    "id": "f9302308-29a7-4d9e-955d-ef246577195f",
    "data": [
      {
        "text": "Junior",
        "meta": "@sys.person",
        "alias": "usuario",
        "userDefined": false
      },
      {
        "text": ", ",
        "userDefined": false
      },
      {
        "text": "123456",
        "meta": "@sys.number",
        "alias": "matricula",
        "userDefined": false
      }
    ],
    "isTemplate": false,
    "count": 0,
    "lang": "pt-br",
    "updated": 0
  }
]