[
  {
    "id": "3244123b-00ca-4dfc-b746-d3949a0b06bd",
    "data": [
      {
        "text": "chamar o técnico",
        "userDefined": false
      }
    ],
    "isTemplate": false,
    "count": 0,
    "lang": "pt-br",
    "updated": 0
  },
  {
    "id": "d273664c-5647-45f1-820e-37365480e275",
    "data": [
      {
        "text": "chamar ",
        "userDefined": false
      },
      {
        "text": "um",
        "userDefined": false
      },
      {
        "text": " técnico",
        "userDefined": false
      }
    ],
    "isTemplate": false,
    "count": 0,
    "lang": "pt-br",
    "updated": 0
  },
  {
    "id": "d1d92df8-1652-4d9c-9621-4eb26f37ca5a",
    "data": [
      {
        "text": "abrir chamado",
        "userDefined": false
      }
    ],
    "isTemplate": false,
    "count": 0,
    "lang": "pt-br",
    "updated": 0
  },
  {
    "id": "e9fd15d8-368f-4f7f-bf60-561903b3a3d7",
    "data": [
      {
        "text": "abrir ",
        "userDefined": false
      },
      {
        "text": "uma",
        "userDefined": false
      },
      {
        "text": " ocorrência",
        "userDefined": false
      }
    ],
    "isTemplate": false,
    "count": 0,
    "lang": "pt-br",
    "updated": 0
  },
  {
    "id": "df68f0b9-8390-470d-9fc1-ac0d54c75fe5",
    "data": [
      {
        "text": "como posso ser atendido?",
        "userDefined": false
      }
    ],
    "isTemplate": false,
    "count": 0,
    "lang": "pt-br",
    "updated": 0
  },
  {
    "id": "a726df43-586f-4c06-8c17-faea99ccd2d8",
    "data": [
      {
        "text": "Como abrir ",
        "userDefined": false
      },
      {
        "text": "um",
        "userDefined": false
      },
      {
        "text": " incidente?",
        "userDefined": false
      }
    ],
    "isTemplate": false,
    "count": 0,
    "lang": "pt-br",
    "updated": 0
  },
  {
    "id": "0dc3c305-a060-4f23-9cb5-b40b9890d9ad",
    "data": [
      {
        "text": "como posso abrir ",
        "userDefined": false
      },
      {
        "text": "um",
        "userDefined": false
      },
      {
        "text": " chamado?",
        "userDefined": false
      }
    ],
    "isTemplate": false,
    "count": 0,
    "lang": "pt-br",
    "updated": 0
  },
  {
    "id": "6791044e-2899-4cd8-aa5f-457448b54086",
    "data": [
      {
        "text": "Como posso registrar ",
        "userDefined": false
      },
      {
        "text": "um",
        "userDefined": false
      },
      {
        "text": " incidente?",
        "userDefined": false
      }
    ],
    "isTemplate": false,
    "count": 0,
    "lang": "pt-br",
    "updated": 0
  }
]