[
  {
    "id": "bfe1b988-021d-4e05-9c3f-40ce46422296",
    "data": [
      {
        "text": "estou com",
        "userDefined": false
      },
      {
        "text": " dificuldades",
        "userDefined": false
      }
    ],
    "isTemplate": false,
    "count": 0,
    "lang": "pt-br",
    "updated": 0
  },
  {
    "id": "6f6402cb-45a2-4272-9358-b6df34c1fa73",
    "data": [
      {
        "text": "preciso de ajuda",
        "userDefined": false
      }
    ],
    "isTemplate": false,
    "count": 0,
    "lang": "pt-br",
    "updated": 0
  },
  {
    "id": "5d01302c-4d2f-4ff1-b30b-a28797ccb269",
    "data": [
      {
        "text": "há quanto tempo",
        "userDefined": false
      }
    ],
    "isTemplate": false,
    "count": 0,
    "lang": "pt-br",
    "updated": 0
  },
  {
    "id": "f3e6027d-bce2-482b-9489-e88a2f972057",
    "data": [
      {
        "text": "olá",
        "userDefined": false
      }
    ],
    "isTemplate": false,
    "count": 0,
    "lang": "pt-br",
    "updated": 0
  },
  {
    "id": "b36798e0-65c3-47de-b781-519d9e59f09e",
    "data": [
      {
        "text": "oi",
        "userDefined": false
      }
    ],
    "isTemplate": false,
    "count": 0,
    "lang": "pt-br",
    "updated": 0
  }
]