[
  {
    "id": "0b440238-6002-4f1e-bf65-6c1809996361",
    "data": [
      {
        "text": "Qual o horário de funcionamento?",
        "userDefined": false
      }
    ],
    "isTemplate": false,
    "count": 0,
    "lang": "pt-br",
    "updated": 0
  },
  {
    "id": "c9ece5b8-ea7a-4217-b1bc-b57ae638eb95",
    "data": [
      {
        "text": "Que horas abre?",
        "userDefined": false
      }
    ],
    "isTemplate": false,
    "count": 0,
    "lang": "pt-br",
    "updated": 0
  },
  {
    "id": "59510a2c-2df6-4853-b8f0-f79dfe6fa566",
    "data": [
      {
        "text": "funcionamento?",
        "userDefined": false
      }
    ],
    "isTemplate": false,
    "count": 0,
    "lang": "pt-br",
    "updated": 0
  },
  {
    "id": "970fc070-9ad2-4012-8b6b-3270ec6b126c",
    "data": [
      {
        "text": "atende agora",
        "userDefined": false
      },
      {
        "text": "?",
        "userDefined": false
      }
    ],
    "isTemplate": false,
    "count": 0,
    "lang": "pt-br",
    "updated": 0
  },
  {
    "id": "82497053-9f67-4018-9d3c-444470617254",
    "data": [
      {
        "text": "estão atendendo?",
        "userDefined": false
      }
    ],
    "isTemplate": false,
    "count": 0,
    "lang": "pt-br",
    "updated": 0
  }
]